"model","layer","n_layers","n_rows","beta","se","chi2","p","daic","sig","layer_pct"
"eleutherai_pythia_1.4b_deduped",0,24,45879,-0.00788942341624791,0.0017028754206841,21.355941398273,3.81436811283171e-06,19.355941398273,"***",0
"eleutherai_pythia_1.4b_deduped",1,24,45879,-0.0122734080870693,0.00233431670621675,27.5524109308753,1.52894667278626e-07,25.5524109308753,"***",0.0434782608695652
"eleutherai_pythia_1.4b_deduped",2,24,45879,-0.0115934799077131,0.00236628521210576,23.920591885646,1.00392166111914e-06,21.920591885646,"***",0.0869565217391304
"eleutherai_pythia_1.4b_deduped",3,24,45879,-0.00988012731788828,0.00186593066115,27.9229543481924,1.26243209159984e-07,25.9229543481924,"***",0.130434782608696
"eleutherai_pythia_1.4b_deduped",4,24,45879,-0.0115239992731689,0.00173031211604043,44.0957200824487,3.12703922120035e-11,42.0957200824487,"***",0.173913043478261
"eleutherai_pythia_1.4b_deduped",5,24,45879,-0.012355224185839,0.00179376769303106,47.1413462420896,6.60476175162418e-12,45.1413462420896,"***",0.217391304347826
"eleutherai_pythia_1.4b_deduped",6,24,45879,-0.0126837802116716,0.00171660901639666,54.1441795639112,1.86304922900907e-13,52.1441795639112,"***",0.260869565217391
"eleutherai_pythia_1.4b_deduped",7,24,45879,-0.0128803768637355,0.00176534673764764,52.7544118997903,3.77973340501843e-13,50.7544118997903,"***",0.304347826086957
"eleutherai_pythia_1.4b_deduped",8,24,45879,-0.0126694026093036,0.00168269008034524,56.1659484538832,6.66051315008731e-14,54.1659484538832,"***",0.347826086956522
"eleutherai_pythia_1.4b_deduped",9,24,45879,-0.0139541755442745,0.00163114947399011,72.3060566144122,1.84280947700961e-17,70.3060566144122,"***",0.391304347826087
"eleutherai_pythia_1.4b_deduped",10,24,45879,-0.015049464794768,0.00165702478106975,81.4707960710657,1.77870642551317e-19,79.4707960710657,"***",0.434782608695652
"eleutherai_pythia_1.4b_deduped",11,24,45879,-0.0161757925899981,0.00163646746818121,96.272706885502,1.00100501427106e-22,94.272706885502,"***",0.478260869565217
"eleutherai_pythia_1.4b_deduped",12,24,45879,-0.0170823778079972,0.00165517977965295,104.726915077976,1.40183837298415e-24,102.726915077976,"***",0.521739130434783
"eleutherai_pythia_1.4b_deduped",13,24,45879,-0.018328331871407,0.00160705039942521,127.531985477093,1.42092335587771e-29,125.531985477093,"***",0.565217391304348
"eleutherai_pythia_1.4b_deduped",14,24,45879,-0.0187386085912065,0.00145113534001795,162.834914981271,2.71823156309271e-37,160.834914981271,"***",0.608695652173913
"eleutherai_pythia_1.4b_deduped",15,24,45879,-0.0183316796988126,0.00138360621603382,171.438072898338,3.58991838767365e-39,169.438072898338,"***",0.652173913043478
"eleutherai_pythia_1.4b_deduped",16,24,45879,-0.0200582900649502,0.00141092478592434,196.639471882256,1.13032868007267e-44,194.639471882256,"***",0.695652173913043
"eleutherai_pythia_1.4b_deduped",17,24,45879,-0.0184258845266129,0.00128592850156408,199.930251953323,2.16297995892036e-45,197.930251953323,"***",0.739130434782609
"eleutherai_pythia_1.4b_deduped",18,24,45879,-0.0190389565719524,0.00125161711279892,224.649810754883,8.75363222582169e-51,222.649810754883,"***",0.782608695652174
"eleutherai_pythia_1.4b_deduped",19,24,45879,-0.0179278185191229,0.0012253933029626,208.300885685821,3.22530953530313e-47,206.300885685821,"***",0.826086956521739
"eleutherai_pythia_1.4b_deduped",20,24,45879,-0.0183974795063402,0.00120503006972856,226.439713922533,3.56293126887344e-51,224.439713922533,"***",0.869565217391304
"eleutherai_pythia_1.4b_deduped",21,24,45879,-0.0180650787872116,0.00121611648279794,214.777073572841,1.24651668977935e-48,212.777073572841,"***",0.91304347826087
"eleutherai_pythia_1.4b_deduped",22,24,45879,-0.0170434049062604,0.00118628765163621,201.577505931535,9.45347296182951e-46,199.577505931535,"***",0.956521739130435
"eleutherai_pythia_1.4b_deduped",23,24,45879,-0.0188865711429773,0.00126090895604176,218.653338498465,1.77880693878361e-49,216.653338498465,"***",1
"eleutherai_pythia_12b_deduped",0,36,45879,-0.00516613222839003,0.0023543367429615,4.80302287895756,0.0284098476701382,2.80302287895756,"*",0
"eleutherai_pythia_12b_deduped",1,36,45879,-0.00864483002240992,0.00229347513016273,14.1751987739262,0.000166551403735276,12.1751987739262,"***",0.0285714285714286
"eleutherai_pythia_12b_deduped",2,36,45879,-0.00950720403430807,0.00217447279376054,19.0561857137072,1.26925684841395e-05,17.0561857137072,"***",0.0571428571428571
"eleutherai_pythia_12b_deduped",3,36,45879,-0.0101818522498697,0.00195557715751714,26.9874714163452,2.0477848045355e-07,24.9874714163452,"***",0.0857142857142857
"eleutherai_pythia_12b_deduped",4,36,45879,-0.0127465829074171,0.00191828684089299,43.8257299120887,3.5895487459552e-11,41.8257299120887,"***",0.114285714285714
"eleutherai_pythia_12b_deduped",5,36,45879,-0.0148286844714283,0.00185275122168096,63.3760010808182,1.70786114939258e-15,61.3760010808182,"***",0.142857142857143
"eleutherai_pythia_12b_deduped",6,36,45879,-0.0149926699709587,0.0018592365601618,64.3237532913045,1.05565344640583e-15,62.3237532913045,"***",0.171428571428571
"eleutherai_pythia_12b_deduped",7,36,45879,-0.0157019436020088,0.00183875819518169,72.0250911748153,2.12478397717563e-17,70.0250911748153,"***",0.2
"eleutherai_pythia_12b_deduped",8,36,45879,-0.0167074152546066,0.00192049163833728,74.722173618662,5.41841252755943e-18,72.722173618662,"***",0.228571428571429
"eleutherai_pythia_12b_deduped",9,36,45879,-0.0165477418681856,0.0018034546544283,83.0113183129724,8.15849105419088e-20,81.0113183129724,"***",0.257142857142857
"eleutherai_pythia_12b_deduped",10,36,45879,-0.0175813187423325,0.00173621794884271,100.842620840369,9.95901395966876e-24,98.8426208403689,"***",0.285714285714286
"eleutherai_pythia_12b_deduped",11,36,45879,-0.0177644576830981,0.00167614983024443,110.435945447403,7.86460141359652e-26,108.435945447403,"***",0.314285714285714
"eleutherai_pythia_12b_deduped",12,36,45879,-0.0171269718804231,0.0016424167799219,106.988681834453,4.47719037790785e-25,104.988681834453,"***",0.342857142857143
"eleutherai_pythia_12b_deduped",13,36,45879,-0.0179660985930028,0.00162050584085213,120.562788065479,4.76350046477049e-28,118.562788065479,"***",0.371428571428571
"eleutherai_pythia_12b_deduped",14,36,45879,-0.0177939580003596,0.00156484837833014,126.780614403076,2.0748777399961e-29,124.780614403076,"***",0.4
"eleutherai_pythia_12b_deduped",15,36,45879,-0.0185290448313112,0.00157393471400171,135.704990756785,2.3149118647725e-31,133.704990756785,"***",0.428571428571429
"eleutherai_pythia_12b_deduped",16,36,45879,-0.0193848173672975,0.00150007672144057,162.817262363387,2.74247659209486e-37,160.817262363387,"***",0.457142857142857
"eleutherai_pythia_12b_deduped",17,36,45879,-0.0195707185644974,0.00148042563332915,170.238960900868,6.5610787885843e-39,168.238960900868,"***",0.485714285714286
"eleutherai_pythia_12b_deduped",18,36,45879,-0.0196764790121,0.00143568613344642,182.942808661217,1.10385975642832e-41,180.942808661217,"***",0.514285714285714
"eleutherai_pythia_12b_deduped",19,36,45879,-0.0203222042193213,0.0013983320167153,205.055310051481,1.64708880015784e-46,203.055310051481,"***",0.542857142857143
"eleutherai_pythia_12b_deduped",20,36,45879,-0.0201068135274214,0.0013443574719569,217.01040477815,4.05985398183688e-49,215.01040477815,"***",0.571428571428571
"eleutherai_pythia_12b_deduped",21,36,45879,-0.019760797360753,0.00127246348261914,233.689578664314,9.34833338258074e-53,231.689578664314,"***",0.6
"eleutherai_pythia_12b_deduped",22,36,45879,-0.0197191044264853,0.00127317705607423,232.503552150039,1.69579039429819e-52,230.503552150039,"***",0.628571428571429
"eleutherai_pythia_12b_deduped",23,36,45879,-0.018931979998767,0.00122605231539234,231.241058791245,3.19662327382168e-52,229.241058791245,"***",0.657142857142857
"eleutherai_pythia_12b_deduped",24,36,45879,-0.0187481676205916,0.0012053938853461,234.495238703559,6.23801260947578e-53,232.495238703559,"***",0.685714285714286
"eleutherai_pythia_12b_deduped",25,36,45879,-0.0185264311438323,0.00117932889604722,239.222005911492,5.8122473223597e-54,237.222005911492,"***",0.714285714285714
"eleutherai_pythia_12b_deduped",26,36,45879,-0.0180158953934695,0.00115151376717574,237.518185123787,1.36729882950707e-53,235.518185123787,"***",0.742857142857143
"eleutherai_pythia_12b_deduped",27,36,45879,-0.0181699785309027,0.00114201407299975,245.300300078219,2.74824145188727e-55,243.300300078219,"***",0.771428571428571
"eleutherai_pythia_12b_deduped",28,36,45879,-0.017651630593674,0.00113622037520984,234.499712561563,6.22401533679037e-53,232.499712561563,"***",0.8
"eleutherai_pythia_12b_deduped",29,36,45879,-0.017632894535906,0.00113851782096513,233.195958031618,1.19778221900788e-52,231.195958031618,"***",0.828571428571429
"eleutherai_pythia_12b_deduped",30,36,45879,-0.0180593247867986,0.00115210685837393,238.640314367934,7.78361098150989e-54,236.640314367934,"***",0.857142857142857
"eleutherai_pythia_12b_deduped",31,36,45879,-0.0180140894563499,0.00115698690260918,235.675276383423,3.44923993652004e-53,233.675276383423,"***",0.885714285714286
"eleutherai_pythia_12b_deduped",32,36,45879,-0.0178319249506498,0.00113988057072738,237.906597446548,1.12504240535712e-53,235.906597446548,"***",0.914285714285714
"eleutherai_pythia_12b_deduped",33,36,45879,-0.0182108491760031,0.00117376997108118,234.256117965517,7.0338054026457e-53,232.256117965517,"***",0.942857142857143
"eleutherai_pythia_12b_deduped",34,36,45879,-0.0179666310014641,0.00118308738909446,224.890464671189,7.75711971807568e-51,222.890464671189,"***",0.971428571428571
"eleutherai_pythia_12b_deduped",35,36,45879,-0.0160866114688069,0.00104034637593061,232.738897757852,1.50677942237805e-52,230.738897757852,"***",1
"eleutherai_pythia_2.8b_deduped",0,32,45879,-0.00429279088180492,0.00155833334543946,7.5798423326487,0.00590246027624142,5.5798423326487,"**",0
"eleutherai_pythia_2.8b_deduped",1,32,45879,-0.0109730218528969,0.00230486171373282,22.6063429143978,1.98827102740272e-06,20.6063429143978,"***",0.032258064516129
"eleutherai_pythia_2.8b_deduped",2,32,45879,-0.0101950305886289,0.0020346308216944,25.0232521927101,5.66430876030005e-07,23.0232521927101,"***",0.0645161290322581
"eleutherai_pythia_2.8b_deduped",3,32,45879,-0.012217633684088,0.00203022391416806,36.0197089603753,1.95331779742395e-09,34.0197089603753,"***",0.0967741935483871
"eleutherai_pythia_2.8b_deduped",4,32,45879,-0.0119577016982873,0.00190863965966949,39.0301727236074,4.1730582822536e-10,37.0301727236074,"***",0.129032258064516
"eleutherai_pythia_2.8b_deduped",5,32,45879,-0.0137269336000825,0.00183556062157161,55.3980948999815,9.8431803619033e-14,53.3980948999815,"***",0.161290322580645
"eleutherai_pythia_2.8b_deduped",6,32,45879,-0.014766925767095,0.001787877872606,67.5090703527094,2.09720050791282e-16,65.5090703527094,"***",0.193548387096774
"eleutherai_pythia_2.8b_deduped",7,32,45879,-0.0160130296711941,0.00178462472747883,79.5696243633574,4.6552786611604e-19,77.5696243633574,"***",0.225806451612903
"eleutherai_pythia_2.8b_deduped",8,32,45879,-0.0171933313800406,0.00176327577295487,93.7276915116236,3.62059919615152e-22,91.7276915116236,"***",0.258064516129032
"eleutherai_pythia_2.8b_deduped",9,32,45879,-0.0181373809408259,0.00176185618531138,104.352996821195,1.69299532748275e-24,102.352996821195,"***",0.290322580645161
"eleutherai_pythia_2.8b_deduped",10,32,45879,-0.0177349211014352,0.00170419070733126,106.54012208138,5.61442205355145e-25,104.54012208138,"***",0.32258064516129
"eleutherai_pythia_2.8b_deduped",11,32,45879,-0.0177947140410863,0.00168461869274759,109.78463481272,1.0923684136387e-25,107.78463481272,"***",0.354838709677419
"eleutherai_pythia_2.8b_deduped",12,32,45879,-0.0177250501743699,0.00166054241185302,112.174251262782,3.27246803499902e-26,110.174251262782,"***",0.387096774193548
"eleutherai_pythia_2.8b_deduped",13,32,45879,-0.018290925587116,0.00161618377068399,125.789423127033,3.41904914610874e-29,123.789423127033,"***",0.419354838709677
"eleutherai_pythia_2.8b_deduped",14,32,45879,-0.0182983518237467,0.00155664735480084,135.648253668856,2.38201382397105e-31,133.648253668856,"***",0.451612903225806
"eleutherai_pythia_2.8b_deduped",15,32,45879,-0.01959121757769,0.00151940488186042,162.347446330736,3.47361903486827e-37,160.347446330736,"***",0.483870967741935
"eleutherai_pythia_2.8b_deduped",16,32,45879,-0.019421676660127,0.00146849933952425,170.910117128078,4.68156287442097e-39,168.910117128078,"***",0.516129032258065
"eleutherai_pythia_2.8b_deduped",17,32,45879,-0.0195049957593267,0.00141194155943158,186.102620646532,2.25470708177447e-42,184.102620646532,"***",0.548387096774194
"eleutherai_pythia_2.8b_deduped",18,32,45879,-0.0201476827258063,0.00141639824355919,196.984525394408,9.50386803602134e-45,194.984525394408,"***",0.580645161290323
"eleutherai_pythia_2.8b_deduped",19,32,45879,-0.0214423629788033,0.00144102355261023,215.011420445022,1.10809162244934e-48,213.011420445022,"***",0.612903225806452
"eleutherai_pythia_2.8b_deduped",20,32,45879,-0.0208668527668413,0.00144390049809845,203.29594696041,3.9866775387719e-46,201.29594696041,"***",0.645161290322581
"eleutherai_pythia_2.8b_deduped",21,32,45879,-0.0210601330032684,0.00139111385902393,222.533473524192,2.53385906136286e-50,220.533473524192,"***",0.67741935483871
"eleutherai_pythia_2.8b_deduped",22,32,45879,-0.0202259598447955,0.00133014027857082,224.640147592057,8.79621598627582e-51,222.640147592057,"***",0.709677419354839
"eleutherai_pythia_2.8b_deduped",23,32,45879,-0.0198188039167269,0.00127165420343367,235.797940381482,3.24321100403163e-53,233.797940381482,"***",0.741935483870968
"eleutherai_pythia_2.8b_deduped",24,32,45879,-0.0196901638264873,0.00123653104192159,245.899122405273,2.03468435756956e-55,243.899122405273,"***",0.774193548387097
"eleutherai_pythia_2.8b_deduped",25,32,45879,-0.0193030265216327,0.00121262078923773,245.766736793303,2.1745040553247e-55,243.766736793303,"***",0.806451612903226
"eleutherai_pythia_2.8b_deduped",26,32,45879,-0.0190130305324206,0.00120808590491869,240.522676084845,3.02509707436498e-54,238.522676084845,"***",0.838709677419355
"eleutherai_pythia_2.8b_deduped",27,32,45879,-0.0190655759902664,0.00120030169531005,245.094583147453,3.04723870821069e-55,243.094583147453,"***",0.870967741935484
"eleutherai_pythia_2.8b_deduped",28,32,45879,-0.0185726284784917,0.00118885196308164,237.444285888865,1.4189839109216e-53,235.444285888865,"***",0.903225806451613
"eleutherai_pythia_2.8b_deduped",29,32,45879,-0.0189786136653806,0.0012247766395206,233.711764822117,9.24476949335855e-53,231.711764822117,"***",0.935483870967742
"eleutherai_pythia_2.8b_deduped",30,32,45879,-0.0180759523104427,0.00118160458475136,228.02655740935,1.60592554181596e-51,226.02655740935,"***",0.967741935483871
"eleutherai_pythia_2.8b_deduped",31,32,45879,-0.01755352071512,0.001118468335035,239.200349166058,5.87579028436438e-54,237.200349166058,"***",1
"eleutherai_pythia_410m_deduped",0,24,45879,-0.00499956284775903,0.00130533279065892,14.6266433429992,0.000131048656157343,12.6266433429992,"***",0
"eleutherai_pythia_410m_deduped",1,24,45879,-0.00517457586653065,0.00185334918067775,7.78556302867946,0.00526653753915187,5.78556302867946,"**",0.0434782608695652
"eleutherai_pythia_410m_deduped",2,24,45879,-0.00739501241953473,0.00200450247281787,13.575268288012,0.000229185229011104,11.575268288012,"***",0.0869565217391304
"eleutherai_pythia_410m_deduped",3,24,45879,-0.0111327287325853,0.0019671096094185,31.8634215493803,1.65402796771719e-08,29.8634215493803,"***",0.130434782608696
"eleutherai_pythia_410m_deduped",4,24,45879,-0.011005126714191,0.00187643059196387,34.1934336841514,4.98970340090614e-09,32.1934336841514,"***",0.173913043478261
"eleutherai_pythia_410m_deduped",5,24,45879,-0.0121886517589079,0.00162386123263042,55.8799593507138,7.70338317321761e-14,53.8799593507138,"***",0.217391304347826
"eleutherai_pythia_410m_deduped",6,24,45879,-0.0142869557858984,0.0017369911261894,66.9783730313065,2.74502074912885e-16,64.9783730313065,"***",0.260869565217391
"eleutherai_pythia_410m_deduped",7,24,45879,-0.0141745852098432,0.00178492424933287,62.4902555659501,2.6776623724671e-15,60.4902555659501,"***",0.304347826086957
"eleutherai_pythia_410m_deduped",8,24,45879,-0.0144285036967985,0.00176678779223447,66.0166311831854,4.47134093902249e-16,64.0166311831854,"***",0.347826086956522
"eleutherai_pythia_410m_deduped",9,24,45879,-0.0156790469728232,0.0017240700681973,81.710876479061,1.57524206974238e-19,79.710876479061,"***",0.391304347826087
"eleutherai_pythia_410m_deduped",10,24,45879,-0.0163532379087569,0.00169448491728335,91.8015877428988,9.58175532701243e-22,89.8015877428988,"***",0.434782608695652
"eleutherai_pythia_410m_deduped",11,24,45879,-0.0155327261741645,0.00171597579793081,80.9369332401984,2.3303735861904e-19,78.9369332401984,"***",0.478260869565217
"eleutherai_pythia_410m_deduped",12,24,45879,-0.0171330676403677,0.00161046084539956,111.385732517694,4.87085984686563e-26,109.385732517694,"***",0.521739130434783
"eleutherai_pythia_410m_deduped",13,24,45879,-0.0166472956385846,0.0016102732699361,105.350355076065,1.02342087204821e-24,103.350355076065,"***",0.565217391304348
"eleutherai_pythia_410m_deduped",14,24,45879,-0.0179450765837117,0.00159163447869246,125.111890387168,4.81043649356238e-29,123.111890387168,"***",0.608695652173913
"eleutherai_pythia_410m_deduped",15,24,45879,-0.0176598309309483,0.0014795804551644,139.912933336047,2.78133468168016e-32,137.912933336047,"***",0.652173913043478
"eleutherai_pythia_410m_deduped",16,24,45879,-0.0172006298067637,0.00156795669792504,118.484447687457,1.35814882680935e-27,116.484447687457,"***",0.695652173913043
"eleutherai_pythia_410m_deduped",17,24,45879,-0.0164638479581687,0.00137843496437975,140.24451895438,2.35365834589092e-32,138.24451895438,"***",0.739130434782609
"eleutherai_pythia_410m_deduped",18,24,45879,-0.0183099930002408,0.00145071989743143,156.184456543997,7.71542494762578e-36,154.184456543997,"***",0.782608695652174
"eleutherai_pythia_410m_deduped",19,24,45879,-0.0173368089524172,0.00123759859817121,191.790082415566,1.29301662470264e-43,189.790082415566,"***",0.826086956521739
"eleutherai_pythia_410m_deduped",20,24,45879,-0.0195533261743722,0.00143508527471977,181.776226116606,1.98430477593075e-41,179.776226116606,"***",0.869565217391304
"eleutherai_pythia_410m_deduped",21,24,45879,-0.0185297478349824,0.00132395305444761,191.599679162653,1.42286317701048e-43,189.599679162653,"***",0.91304347826087
"eleutherai_pythia_410m_deduped",22,24,45879,-0.0178386959821555,0.0012710544598351,192.907767987694,7.37314503130405e-44,190.907767987694,"***",0.956521739130435
"eleutherai_pythia_410m_deduped",23,24,45879,-0.0189500907757853,0.00128075831986134,213.380995089698,2.51336665974851e-48,211.380995089698,"***",1
"eleutherai_pythia_6.9b_deduped",0,32,45879,-0.00810745774889805,0.00232598283610607,12.1117516705999,0.000501050451205783,10.1117516705999,"***",0
"eleutherai_pythia_6.9b_deduped",1,32,45879,-0.0107340883625384,0.0024193865791072,19.6065914161882,9.51404052000902e-06,17.6065914161882,"***",0.032258064516129
"eleutherai_pythia_6.9b_deduped",2,32,45879,-0.0104050300809783,0.00222932185076113,21.6722165194806,3.23442119356303e-06,19.6722165194806,"***",0.0645161290322581
"eleutherai_pythia_6.9b_deduped",3,32,45879,-0.0105810136279209,0.00203201670480128,26.9377642663312,2.10113080701555e-07,24.9377642663312,"***",0.0967741935483871
"eleutherai_pythia_6.9b_deduped",4,32,45879,-0.0118985379450642,0.0019776877825297,35.9210633960174,2.05475366158188e-09,33.9210633960174,"***",0.129032258064516
"eleutherai_pythia_6.9b_deduped",5,32,45879,-0.0130004023963059,0.00187928341771768,47.3746394496993,5.86364146408016e-12,45.3746394496993,"***",0.161290322580645
"eleutherai_pythia_6.9b_deduped",6,32,45879,-0.0153167943622583,0.00183692480861255,68.5655009244801,1.22732544748464e-16,66.5655009244801,"***",0.193548387096774
"eleutherai_pythia_6.9b_deduped",7,32,45879,-0.0156764476589949,0.00172216543872541,81.5858411817026,1.67812080267193e-19,79.5858411817026,"***",0.225806451612903
"eleutherai_pythia_6.9b_deduped",8,32,45879,-0.0157963949741107,0.00174937903726363,80.3482052687905,3.13916690056712e-19,78.3482052687905,"***",0.258064516129032
"eleutherai_pythia_6.9b_deduped",9,32,45879,-0.0167592530614013,0.0017782325098346,87.5964145100006,8.02700225931578e-21,85.5964145100006,"***",0.290322580645161
"eleutherai_pythia_6.9b_deduped",10,32,45879,-0.016377788407483,0.00170177385421234,91.2593249676574,1.26024715348976e-21,89.2593249676574,"***",0.32258064516129
"eleutherai_pythia_6.9b_deduped",11,32,45879,-0.0170957299833551,0.00162777681375894,108.334742612788,2.27010246368049e-25,106.334742612788,"***",0.354838709677419
"eleutherai_pythia_6.9b_deduped",12,32,45879,-0.0186510992910717,0.0016138845470867,130.827258066493,2.70118527810439e-30,128.827258066493,"***",0.387096774193548
"eleutherai_pythia_6.9b_deduped",13,32,45879,-0.0187460507210581,0.00151258660862603,150.087027909089,1.65934823527082e-34,148.087027909089,"***",0.419354838709677
"eleutherai_pythia_6.9b_deduped",14,32,45879,-0.0192648389917792,0.00149555165530176,161.984811504095,4.1687620772639e-37,159.984811504095,"***",0.451612903225806
"eleutherai_pythia_6.9b_deduped",15,32,45879,-0.0193581340373415,0.00148653758704833,165.555201824973,6.91876475858323e-38,163.555201824973,"***",0.483870967741935
"eleutherai_pythia_6.9b_deduped",16,32,45879,-0.0203295570434128,0.00148298859296507,183.096264306354,1.02190681948765e-41,181.096264306354,"***",0.516129032258065
"eleutherai_pythia_6.9b_deduped",17,32,45879,-0.0197464963858949,0.00143332814512199,184.947129756911,4.03032466417117e-42,182.947129756911,"***",0.548387096774194
"eleutherai_pythia_6.9b_deduped",18,32,45879,-0.0195429881154211,0.00137871419828966,195.36063550481,2.14933077017127e-44,193.36063550481,"***",0.580645161290323
"eleutherai_pythia_6.9b_deduped",19,32,45879,-0.0190782212676274,0.00133872222025669,197.64792499796,6.80960857207405e-45,195.64792499796,"***",0.612903225806452
"eleutherai_pythia_6.9b_deduped",20,32,45879,-0.0190822820810636,0.00130624071001974,207.631935218888,4.51361040393362e-47,205.631935218888,"***",0.645161290322581
"eleutherai_pythia_6.9b_deduped",21,32,45879,-0.0185376515528825,0.00123848893740766,217.966828692544,2.51118819763678e-49,215.966828692544,"***",0.67741935483871
"eleutherai_pythia_6.9b_deduped",22,32,45879,-0.0180691939382153,0.00118476584196158,226.232976178988,3.95272503535558e-51,224.232976178988,"***",0.709677419354839
"eleutherai_pythia_6.9b_deduped",23,32,45879,-0.0180456427351273,0.00117319982712816,230.04020036594,5.84218841061006e-52,228.04020036594,"***",0.741935483870968
"eleutherai_pythia_6.9b_deduped",24,32,45879,-0.0179314536273192,0.00115848136389756,232.936181353536,1.3646700187252e-52,230.936181353536,"***",0.774193548387097
"eleutherai_pythia_6.9b_deduped",25,32,45879,-0.0177283097024341,0.00114430951499814,233.314441518247,1.12860020354602e-52,231.314441518247,"***",0.806451612903226
"eleutherai_pythia_6.9b_deduped",26,32,45879,-0.0173549275800928,0.00114219107522916,224.710644294333,8.49024414846338e-51,222.710644294333,"***",0.838709677419355
"eleutherai_pythia_6.9b_deduped",27,32,45879,-0.0174946665581448,0.00115402788790917,223.763076255404,1.36644314819302e-50,221.763076255404,"***",0.870967741935484
"eleutherai_pythia_6.9b_deduped",28,32,45879,-0.0172489798233819,0.0011498914907922,219.397155543003,1.22427826954651e-49,217.397155543003,"***",0.903225806451613
"eleutherai_pythia_6.9b_deduped",29,32,45879,-0.0172520716465451,0.00116908952796941,212.546374956539,3.82238576526692e-48,210.546374956539,"***",0.935483870967742
"eleutherai_pythia_6.9b_deduped",30,32,45879,-0.0171289827000032,0.0011642212058936,211.410577397764,6.76273841330092e-48,209.410577397764,"***",0.967741935483871
"eleutherai_pythia_6.9b_deduped",31,32,45879,-0.0156692744734698,0.00105609309723685,214.738795109486,1.27071604129532e-48,212.738795109486,"***",1
"gpt2_large",0,36,45879,-0.005250192236304,0.00161075587346528,10.6150844249787,0.0011216883216739,8.6150844249787,"**",0
"gpt2_large",1,36,45879,-0.0222233395896916,0.00303268722241858,53.4217411643913,2.69102129506816e-13,51.4217411643913,"***",0.0285714285714286
"gpt2_large",2,36,45879,-0.0183867668505096,0.00254171471052401,52.0840951337304,5.31738835482719e-13,50.0840951337304,"***",0.0571428571428571
"gpt2_large",3,36,45879,-0.0170180036186228,0.00233201521543785,53.0032394792797,3.32998717638614e-13,51.0032394792797,"***",0.0857142857142857
"gpt2_large",4,36,45879,-0.0162514046268771,0.00223892081652057,52.4138528314652,4.49541684917667e-13,50.4138528314652,"***",0.114285714285714
"gpt2_large",5,36,45879,-0.016163369052613,0.00219896586686798,53.7166264919069,2.31595014936537e-13,51.7166264919069,"***",0.142857142857143
"gpt2_large",6,36,45879,-0.0156135442731553,0.00211675032377048,54.0961232222762,1.90917573515299e-13,52.0961232222762,"***",0.171428571428571
"gpt2_large",7,36,45879,-0.0142185699624519,0.00200077162991434,50.2279008748737,1.36887621740537e-12,48.2279008748737,"***",0.2
"gpt2_large",8,36,45879,-0.0137298672074267,0.00190032241642836,51.9337379207282,5.74055264863519e-13,49.9337379207282,"***",0.228571428571429
"gpt2_large",9,36,45879,-0.0126408007436853,0.00180116190383298,49.0211894924869,2.53212257819901e-12,47.0211894924869,"***",0.257142857142857
"gpt2_large",10,36,45879,-0.0129869730303433,0.00174686067210575,54.9829967625992,1.21577058352784e-13,52.9829967625992,"***",0.285714285714286
"gpt2_large",11,36,45879,-0.0130932834923716,0.0016765357182842,60.6231297574413,6.91171041754399e-15,58.6231297574413,"***",0.314285714285714
"gpt2_large",12,36,45879,-0.0131644130333395,0.0016378653111489,64.1559864051378,1.14948196599872e-15,62.1559864051378,"***",0.342857142857143
"gpt2_large",13,36,45879,-0.0134940368579023,0.00160932839888837,69.7677391252219,6.67151602664237e-17,67.7677391252219,"***",0.371428571428571
"gpt2_large",14,36,45879,-0.0137712227964813,0.00157662661082562,75.6575790642964,3.37378483788576e-18,73.6575790642964,"***",0.4
"gpt2_large",15,36,45879,-0.0144553242801165,0.00155494669380557,85.5849909377575,2.21953763760524e-20,83.5849909377575,"***",0.428571428571429
"gpt2_large",16,36,45879,-0.0152377995524283,0.001509656731683,100.734850416586,1.0515893672343e-23,98.7348504165857,"***",0.457142857142857
"gpt2_large",17,36,45879,-0.0154782880944813,0.00146752319472207,109.865956413691,1.04846125479916e-25,107.865956413691,"***",0.485714285714286
"gpt2_large",18,36,45879,-0.0153588219083395,0.0014455879754481,111.441967794555,4.73463582017722e-26,109.441967794555,"***",0.514285714285714
"gpt2_large",19,36,45879,-0.0152256664275628,0.00141508834424985,114.227865783905,1.16162502600478e-26,112.227865783905,"***",0.542857142857143
"gpt2_large",20,36,45879,-0.0155854491562295,0.00138921047397947,123.993124290078,8.45360236198577e-29,121.993124290078,"***",0.571428571428571
"gpt2_large",21,36,45879,-0.0157134875197055,0.00136228906786744,130.946567128718,2.5436169857389e-30,128.946567128718,"***",0.6
"gpt2_large",22,36,45879,-0.0156716043737266,0.00135276130446172,132.095451631263,1.42595411159038e-30,130.095451631263,"***",0.628571428571429
"gpt2_large",23,36,45879,-0.0159198857586443,0.00132946319961507,141.053211433435,1.5664144985857e-32,139.053211433435,"***",0.657142857142857
"gpt2_large",24,36,45879,-0.0162025085039239,0.00130983401319603,150.337912691466,1.4625158984315e-34,148.337912691466,"***",0.685714285714286
"gpt2_large",25,36,45879,-0.0163955428000056,0.00129968717258152,156.248303221786,7.47150468353402e-36,154.248303221786,"***",0.714285714285714
"gpt2_large",26,36,45879,-0.0165148661182854,0.00128580606258443,161.939219204098,4.2654783895853e-37,159.939219204098,"***",0.742857142857143
"gpt2_large",27,36,45879,-0.0167559442818688,0.00130603300955417,161.67563766292,4.87027222307141e-37,159.67563766292,"***",0.771428571428571
"gpt2_large",28,36,45879,-0.016918160100468,0.0012901853140956,168.812443791961,1.34445357675468e-38,166.812443791961,"***",0.8
"gpt2_large",29,36,45879,-0.0170946140175587,0.00129896142576257,169.974628979078,7.49389793852736e-39,167.974628979078,"***",0.828571428571429
"gpt2_large",30,36,45879,-0.0174685571316738,0.00129681286308099,177.937350471053,1.36708162636864e-40,175.937350471053,"***",0.857142857142857
"gpt2_large",31,36,45879,-0.0179514491244044,0.00131452952729247,182.763351868707,1.20807331724104e-41,180.763351868707,"***",0.885714285714286
"gpt2_large",32,36,45879,-0.0190579384693354,0.00138052875151453,186.642327867186,1.71898442620253e-42,184.642327867186,"***",0.914285714285714
"gpt2_large",33,36,45879,-0.0208189144483661,0.00147542982963173,194.666502128908,3.04647479736024e-44,192.666502128908,"***",0.942857142857143
"gpt2_large",34,36,45879,-0.0190456103506792,0.00138613980614705,185.076352246033,3.77684928364859e-42,183.076352246033,"***",0.971428571428571
"gpt2_large",35,36,45879,-0.010705169191092,0.000792512913990836,178.810820940373,8.81192935465643e-41,176.810820940373,"***",1
"gpt2",0,12,45879,-0.00305949235757553,0.00122680680082372,6.21477973648871,0.0126688113446346,4.21477973648871,"*",0
"gpt2",1,12,45879,-0.0117076585023836,0.00208510068352492,31.4285605394398,2.06914760873152e-08,29.4285605394398,"***",0.0909090909090909
"gpt2",2,12,45879,-0.0121953099132119,0.00195360148705777,38.8296602335322,4.62447472951751e-10,36.8296602335322,"***",0.181818181818182
"gpt2",3,12,45879,-0.0131897090060278,0.00186519327004759,49.7290286057105,1.76514869050997e-12,47.7290286057105,"***",0.272727272727273
"gpt2",4,12,45879,-0.0148177840438208,0.00183035371874345,65.0434564530005,7.3264435345188e-16,63.0434564530005,"***",0.363636363636364
"gpt2",5,12,45879,-0.0161880557128238,0.00172926533386977,86.6775231852371,1.27740391949501e-20,84.6775231852371,"***",0.454545454545455
"gpt2",6,12,45879,-0.0171122616858716,0.00161173799305909,111.146691245856,5.49504518120702e-26,109.146691245856,"***",0.545454545454545
"gpt2",7,12,45879,-0.0176801326798509,0.0015614537478606,126.204091370673,2.77432632261287e-29,124.204091370673,"***",0.636363636363636
"gpt2",8,12,45879,-0.0182979356738305,0.00152094524974222,142.294789109277,8.38348288056844e-33,140.294789109277,"***",0.727272727272727
"gpt2",9,12,45879,-0.0199550077888248,0.00157649213885188,157.293158920467,4.41663164112668e-36,155.293158920467,"***",0.818181818181818
"gpt2",10,12,45879,-0.0239618687166321,0.00192889605837352,151.790868050157,7.03936627119881e-35,149.790868050157,"***",0.909090909090909
"gpt2",11,12,45879,-0.00928570201657675,0.00329246403236605,7.95328534983855,0.0048000162570591,5.95328534983855,"**",1
"gpt2_xl",0,48,45879,-0.00728904649233432,0.00186099492838445,15.3209850566636,9.07033077358962e-05,13.3209850566636,"***",0
"gpt2_xl",1,48,45879,-0.0141951936785006,0.00269190365036143,27.7513870394905,1.37949262058093e-07,25.7513870394905,"***",0.0212765957446809
"gpt2_xl",2,48,45879,-0.0150407407574519,0.00243953620941631,37.9244186252472,7.35390231772767e-10,35.9244186252472,"***",0.0425531914893617
"gpt2_xl",3,48,45879,-0.0141217451941193,0.00228053704470771,38.2574837613356,6.19988458620359e-10,36.2574837613356,"***",0.0638297872340425
"gpt2_xl",4,48,45879,-0.0138374809285831,0.00220027187928142,39.4570971846842,3.35346712043468e-10,37.4570971846842,"***",0.0851063829787234
"gpt2_xl",5,48,45879,-0.0137610099196808,0.00210201764419479,42.7472488545609,6.22894267946325e-11,40.7472488545609,"***",0.106382978723404
"gpt2_xl",6,48,45879,-0.0140351769871908,0.00202577761884935,47.8470938958053,4.60789585893513e-12,45.8470938958053,"***",0.127659574468085
"gpt2_xl",7,48,45879,-0.0121689032407958,0.0018659052382254,42.4201470388507,7.36276830871729e-11,40.4201470388507,"***",0.148936170212766
"gpt2_xl",8,48,45879,-0.0119937845316732,0.00179179296866033,44.6704988801212,2.33143836022961e-11,42.6704988801212,"***",0.170212765957447
"gpt2_xl",9,48,45879,-0.0120795971198677,0.0017450375305238,47.7611053918808,4.81449306121516e-12,45.7611053918808,"***",0.191489361702128
"gpt2_xl",10,48,45879,-0.0114003237643168,0.00167250021725848,46.3083125364938,1.01034408796164e-11,44.3083125364938,"***",0.212765957446809
"gpt2_xl",11,48,45879,-0.0111086371024971,0.00163208118267108,46.1700100042071,1.08423981423777e-11,44.1700100042071,"***",0.234042553191489
"gpt2_xl",12,48,45879,-0.0111293411762165,0.00159892386820471,48.2682949940063,3.71713925814022e-12,46.2682949940063,"***",0.25531914893617
"gpt2_xl",13,48,45879,-0.0109748288351117,0.0015670110914672,48.8692520047625,2.73606569152316e-12,46.8692520047625,"***",0.276595744680851
"gpt2_xl",14,48,45879,-0.011406637427234,0.00153568361207715,54.9494299387152,1.23671248534975e-13,52.9494299387152,"***",0.297872340425532
"gpt2_xl",15,48,45879,-0.0118637637739996,0.00152570139496231,60.190588663856,8.61029137895791e-15,58.190588663856,"***",0.319148936170213
"gpt2_xl",16,48,45879,-0.0117415562528938,0.00148086533749632,62.5605345594813,2.58379526711649e-15,60.5605345594813,"***",0.340425531914894
"gpt2_xl",17,48,45879,-0.0118034173068195,0.00145965290841789,65.0569617424044,7.27640356521076e-16,63.0569617424044,"***",0.361702127659574
"gpt2_xl",18,48,45879,-0.0119749724982816,0.00142940833536725,69.7876111026708,6.60464082391382e-17,67.7876111026708,"***",0.382978723404255
"gpt2_xl",19,48,45879,-0.0122912640730271,0.00140755204809181,75.760990322291,3.20164130552474e-18,73.760990322291,"***",0.404255319148936
"gpt2_xl",20,48,45879,-0.012509910437008,0.00138557466153009,80.9303910279996,2.33810126142956e-19,78.9303910279996,"***",0.425531914893617
"gpt2_xl",21,48,45879,-0.012842797013863,0.00137189426391143,86.9338649255078,1.12211426646302e-20,84.9338649255078,"***",0.446808510638298
"gpt2_xl",22,48,45879,-0.0131588968969638,0.00134279512839564,95.1871558843268,1.73210464242485e-22,93.1871558843268,"***",0.468085106382979
"gpt2_xl",23,48,45879,-0.0131350383488171,0.00133976912766499,95.2845422264072,1.64895701758364e-22,93.2845422264072,"***",0.48936170212766
"gpt2_xl",24,48,45879,-0.0135563920590656,0.00132177271302309,104.17415751431,1.8529165551944e-24,102.17415751431,"***",0.51063829787234
"gpt2_xl",25,48,45879,-0.0139288030107956,0.00130240462157417,113.1771509276,1.97332494817736e-26,111.1771509276,"***",0.531914893617021
"gpt2_xl",26,48,45879,-0.0143025437136651,0.00128856255496312,121.773977359349,2.58692375036845e-28,119.773977359349,"***",0.553191489361702
"gpt2_xl",27,48,45879,-0.0145400993926901,0.0012751034477867,128.434949034694,9.01541277485169e-30,126.434949034694,"***",0.574468085106383
"gpt2_xl",28,48,45879,-0.0151235974339238,0.00128351547712851,136.941787884163,1.24172432054728e-31,134.941787884163,"***",0.595744680851064
"gpt2_xl",29,48,45879,-0.0154458590712119,0.00127550975165421,144.463345338634,2.81376898846161e-33,142.463345338634,"***",0.617021276595745
"gpt2_xl",30,48,45879,-0.015580320026226,0.00127723679013893,146.53017307019,9.94120015567759e-34,144.53017307019,"***",0.638297872340426
"gpt2_xl",31,48,45879,-0.0159737365953821,0.00127043154156793,155.531243774909,1.07177090662403e-35,153.531243774909,"***",0.659574468085106
"gpt2_xl",32,48,45879,-0.016145822036376,0.00126669827317709,159.763832416022,1.27423150837531e-36,157.763832416022,"***",0.680851063829787
"gpt2_xl",33,48,45879,-0.0166048991010195,0.00126911709306147,168.162789086928,1.86399249367336e-38,166.162789086928,"***",0.702127659574468
"gpt2_xl",34,48,45879,-0.0169922803616316,0.00126558048315592,176.88597426012,2.31937320786555e-40,174.88597426012,"***",0.723404255319149
"gpt2_xl",35,48,45879,-0.0171766885356775,0.00127239578941104,178.801104510465,8.85508173427238e-41,176.801104510465,"***",0.74468085106383
"gpt2_xl",36,48,45879,-0.0171313373660136,0.00127316868452579,177.713800464742,1.52970507914859e-40,175.713800464742,"***",0.765957446808511
"gpt2_xl",37,48,45879,-0.0174261472159769,0.00127536494992914,183.094379069196,1.02287575196609e-41,181.094379069196,"***",0.787234042553192
"gpt2_xl",38,48,45879,-0.0175213134600103,0.00126781047099885,187.239171398789,1.27345310921778e-42,185.239171398789,"***",0.808510638297872
"gpt2_xl",39,48,45879,-0.0177970816218287,0.0012713464346636,192.016739887185,1.15380441645444e-43,190.016739887185,"***",0.829787234042553
"gpt2_xl",40,48,45879,-0.0179746463242738,0.00126873954485074,196.596367003847,1.15507979148348e-44,194.596367003847,"***",0.851063829787234
"gpt2_xl",41,48,45879,-0.0183258249835897,0.00127119667577015,203.324240535047,3.93040504548263e-46,201.324240535047,"***",0.872340425531915
"gpt2_xl",42,48,45879,-0.0186767109280681,0.00129279588226857,204.222060450978,2.50340209617947e-46,202.222060450978,"***",0.893617021276596
"gpt2_xl",43,48,45879,-0.0191381362062247,0.00130812903667192,209.252153997688,1.99998141414098e-47,207.252153997688,"***",0.914893617021277
"gpt2_xl",44,48,45879,-0.0199098970774079,0.00135945666488722,209.680753946566,1.61256226115509e-47,207.680753946566,"***",0.936170212765957
"gpt2_xl",45,48,45879,-0.0211142792944047,0.00142231328202048,215.160498326877,1.02814574424704e-48,213.160498326877,"***",0.957446808510638
"gpt2_xl",46,48,45879,-0.0211945429522065,0.00138779318002392,227.148742818114,2.4955757969903e-51,225.148742818114,"***",0.978723404255319
"gpt2_xl",47,48,45879,-0.0107620699887719,0.000762940713946921,194.819879679155,2.82047833430799e-44,192.819879679155,"***",1
